Cust_ID,Churn
30000,1
30001,1
30002,0
30003,1
30004,0
30005,0
30006,1
30007,0
30008,0
30009,1
30010,1
30011,0
30012,0
30013,1
30014,1
30015,1
30016,0
30017,0
30018,0
30019,1
30020,1
30021,1
30022,0
30023,1
30024,1
30025,0
30026,0
30027,1
30028,1
30029,0
30030,1
30031,0
30032,1
30033,1
30034,0
30035,0
30036,0
30037,1
30038,1
30039,1
30040,1
30041,1
30042,1
30043,1
30044,0
30045,1
30046,1
30047,1
30048,0
30049,1
30050,0
30051,1
30052,1
30053,1
30054,1
30055,0
30056,0
30057,0
30058,1
30059,0
30060,0
30061,1
30062,0
30063,0
30064,0
30065,0
30066,0
30067,1
30068,0
30069,1
30070,1
30071,1
30072,0
30073,1
30074,1
30075,1
30076,0
30077,0
30078,1
30079,0
30080,1
30081,1
30082,1
30083,1
30084,1
30085,0
30086,1
30087,1
30088,1
30089,1
30090,1
30091,1
30092,1
30093,0
30094,1
30095,1
30096,1
30097,0
30098,0
30099,0
30100,1
30101,1
30102,0
30103,0
30104,0
30105,0
30106,0
30107,1
30108,1
30109,0
30110,1
30111,0
30112,1
30113,0
30114,0
30115,1
30116,1
30117,1
30118,0
30119,1
30120,1
30121,0
30122,0
30123,1
30124,1
30125,1
30126,1
30127,1
30128,0
30129,1
30130,1
30131,1
30132,1
30133,0
30134,1
30135,1
30136,1
30137,1
30138,1
30139,1
30140,1
30141,0
30142,0
30143,0
30144,0
30145,1
30146,0
30147,0
30148,1
30149,0
30150,0
30151,0
30152,1
30153,1
30154,0
30155,0
30156,0
30157,1
30158,0
30159,0
30160,1
30161,0
30162,1
30163,1
30164,0
30165,0
30166,0
30167,0
30168,1
30169,1
30170,1
30171,0
30172,1
30173,1
30174,1
30175,0
30176,0
30177,1
30178,1
30179,1
30180,1
30181,0
30182,0
30183,1
30184,0
30185,1
30186,1
30187,0
30188,0
30189,0
30190,1
30191,1
30192,1
30193,1
30194,1
30195,0
30196,1
30197,1
30198,0
30199,1
30200,1
30201,1
30202,0
30203,0
30204,0
30205,0
30206,1
30207,0
30208,1
30209,1
30210,0
30211,0
30212,0
30213,0
30214,0
30215,0
30216,1
30217,1
30218,0
30219,0
30220,0
30221,1
30222,0
30223,1
30224,1
30225,1
30226,0
30227,1
30228,0
30229,0
30230,1
30231,1
30232,1
30233,0
30234,0
30235,1
30236,1
30237,0
30238,0
30239,0
30240,0
30241,0
30242,1
30243,0
30244,1
30245,0
30246,1
30247,1
30248,1
30249,0
30250,1
30251,1
30252,0
30253,1
30254,0
30255,0
30256,1
30257,0
30258,1
30259,0
30260,0
30261,0
30262,0
30263,1
30264,1
30265,1
30266,1
30267,0
30268,1
30269,1
30270,0
30271,1
30272,0
30273,1
30274,1
30275,0
30276,1
30277,1
30278,1
30279,1
30280,0
30281,0
30282,0
30283,1
30284,1
30285,1
30286,0
30287,1
30288,1
30289,0
30290,0
30291,0
30292,0
30293,1
30294,0
30295,0
30296,0
30297,1
30298,1
30299,0
30300,0
30301,1
30302,0
30303,0
30304,1
30305,0
30306,1
30307,1
30308,1
30309,0
30310,0
30311,0
30312,0
30313,0
30314,0
30315,0
30316,0
30317,1
30318,0
30319,1
30320,0
30321,0
30322,1
30323,0
30324,0
30325,1
30326,0
30327,1
30328,1
30329,0
30330,1
30331,1
30332,1
30333,0
30334,0
30335,1
30336,0
30337,1
30338,1
30339,1
30340,1
30341,0
30342,1
30343,1
30344,1
30345,0
30346,1
30347,0
30348,0
30349,0
30350,1
30351,0
30352,1
30353,1
30354,1
30355,1
30356,1
30357,1
30358,0
30359,1
30360,0
30361,0
30362,1
30363,1
30364,0
30365,1
30366,0
30367,0
30368,1
30369,1
30370,1
30371,0
30372,1
30373,1
30374,0
30375,1
30376,0
30377,1
30378,1
30379,0
30380,0
30381,1
30382,0
30383,0
30384,1
30385,0
30386,0
30387,0
30388,1
30389,1
30390,1
30391,0
30392,0
30393,0
30394,0
30395,0
30396,0
30397,1
30398,0
30399,1
30400,0
30401,1
30402,1
30403,0
30404,1
30405,0
30406,1
30407,1
30408,1
30409,0
30410,1
30411,0
30412,1
30413,0
30414,0
30415,0
30416,0
30417,0
30418,0
30419,0
30420,1
30421,1
30422,0
30423,0
30424,1
30425,1
30426,0
30427,1
30428,1
30429,0
30430,1
30431,0
30432,0
30433,1
30434,0
30435,1
30436,1
30437,0
30438,1
30439,0
30440,1
30441,1
30442,0
30443,0
30444,0
30445,0
30446,0
30447,1
30448,0
30449,1
30450,1
30451,0
30452,0
30453,1
30454,1
30455,0
30456,1
30457,1
30458,0
30459,1
30460,0
30461,0
30462,1
30463,1
30464,1
30465,0
30466,0
30467,1
30468,1
30469,0
30470,0
30471,1
30472,0
30473,0
30474,1
30475,0
30476,0
30477,0
30478,1
30479,1
30480,1
30481,1
30482,1
30483,0
30484,0
30485,0
30486,0
30487,0
30488,0
30489,1
30490,0
30491,0
30492,0
30493,1
30494,0
30495,1
30496,0
30497,0
30498,0
30499,1
30500,0
30501,1
30502,1
30503,1
30504,1
30505,1
30506,0
30507,1
30508,0
30509,0
30510,0
30511,1
30512,1
30513,1
30514,0
30515,0
30516,1
30517,0
30518,0
30519,0
30520,1
30521,0
30522,0
30523,1
30524,1
30525,0
30526,0
30527,1
30528,0
30529,0
30530,0
30531,1
30532,1
30533,0
30534,1
30535,1
30536,0
30537,0
30538,1
30539,1
30540,0
30541,0
30542,1
30543,1
30544,1
30545,0
30546,1
30547,1
30548,1
30549,1
30550,1
30551,1
30552,0
30553,1
30554,0
30555,0
30556,1
30557,0
30558,1
30559,0
30560,0
30561,1
30562,1
30563,1
30564,0
30565,1
30566,1
30567,1
30568,1
30569,1
30570,0
30571,1
30572,0
30573,0
30574,0
30575,1
30576,0
30577,0
30578,0
30579,0
30580,1
30581,1
30582,1
30583,0
30584,0
30585,0
30586,0
30587,1
30588,0
30589,1
30590,1
30591,0
30592,1
30593,0
30594,0
30595,0
30596,1
30597,1
30598,0
30599,1
30600,0
30601,0
30602,0
30603,0
30604,0
30605,0
30606,1
30607,0
30608,0
30609,0
30610,1
30611,1
30612,1
30613,0
30614,1
30615,1
30616,1
30617,0
30618,0
30619,1
30620,0
30621,1
30622,0
30623,0
30624,1
30625,0
30626,1
30627,1
30628,0
30629,0
30630,1
30631,0
30632,1
30633,0
30634,0
30635,0
30636,1
30637,1
30638,1
30639,1
30640,0
30641,1
30642,0
30643,1
30644,1
30645,0
30646,1
30647,0
30648,1
30649,1
30650,1
30651,0
30652,0
30653,1
30654,0
30655,1
30656,0
30657,0
30658,0
30659,0
30660,1
30661,1
30662,0
30663,1
30664,1
30665,0
30666,1
30667,1
30668,1
30669,0
30670,0
30671,0
30672,0
30673,1
30674,1
30675,1
30676,1
30677,1
30678,1
30679,1
30680,0
30681,0
30682,0
30683,0
30684,1
30685,1
30686,0
30687,0
30688,0
30689,1
30690,0
30691,1
30692,0
30693,1
30694,1
30695,0
30696,0
30697,0
30698,0
30699,0
30700,0
30701,0
30702,1
30703,1
30704,0
30705,1
30706,0
30707,0
30708,1
30709,0
30710,0
30711,0
30712,1
30713,1
30714,0
30715,0
30716,0
30717,1
30718,1
30719,0
30720,1
30721,0
30722,0
30723,1
30724,0
30725,0
30726,0
30727,1
30728,0
30729,1
30730,1
30731,1
30732,1
30733,0
30734,0
30735,1
30736,0
30737,0
30738,1
30739,1
30740,0
30741,0
30742,1
30743,1
30744,1
30745,0
30746,0
30747,1
30748,1
30749,0
30750,0
30751,1
30752,0
30753,1
30754,1
30755,1
30756,0
30757,0
30758,0
30759,0
30760,0
30761,0
30762,0
30763,0
30764,0
30765,0
30766,1
30767,0
30768,0
30769,0
30770,0
30771,1
30772,1
30773,0
30774,1
30775,0
30776,1
30777,0
30778,0
30779,1
30780,1
30781,0
30782,1
30783,1
30784,0
30785,0
30786,0
30787,0
30788,1
30789,0
30790,0
30791,0
30792,0
30793,1
30794,1
30795,0
30796,1
30797,0
30798,0
30799,1
30800,1
30801,0
30802,1
30803,1
30804,1
30805,1
30806,0
30807,0
30808,0
30809,0
30810,1
30811,1
30812,1
30813,1
30814,1
30815,0
30816,1
30817,1
30818,0
30819,0
30820,0
30821,0
30822,0
30823,1
30824,1
30825,0
30826,0
30827,0
30828,1
30829,1
30830,0
30831,1
30832,0
30833,0
30834,1
30835,0
30836,0
30837,0
30838,1
30839,1
30840,0
30841,0
30842,1
30843,1
30844,1
30845,0
30846,1
30847,0
30848,0
30849,0
30850,0
30851,1
30852,1
30853,1
30854,0
30855,0
30856,1
30857,0
30858,1
30859,0
30860,0
30861,1
30862,1
30863,0
30864,1
30865,0
30866,1
30867,1
30868,0
30869,1
30870,0
30871,0
30872,1
30873,0
30874,0
30875,1
30876,1
30877,0
30878,0
30879,1
30880,0
30881,0
30882,0
30883,0
30884,0
30885,0
30886,0
30887,0
30888,1
30889,1
30890,1
30891,0
30892,1
30893,0
30894,0
30895,1
30896,0
30897,1
30898,0
30899,1
30900,0
30901,1
30902,0
30903,1
30904,1
30905,1
30906,1
30907,0
30908,0
30909,0
30910,0
30911,1
30912,0
30913,1
30914,0
30915,0
30916,1
30917,0
30918,0
30919,0
30920,1
30921,1
30922,1
30923,0
30924,0
30925,1
30926,1
30927,1
30928,1
30929,1
30930,0
30931,1
30932,1
30933,1
30934,0
30935,1
30936,0
30937,0
30938,0
30939,1
30940,1
30941,1
30942,1
30943,1
30944,0
30945,1
30946,0
30947,0
30948,1
30949,0
30950,1
30951,1
30952,1
30953,0
30954,0
30955,0
30956,1
30957,0
30958,1
30959,0
30960,1
30961,0
30962,1
30963,0
30964,0
30965,1
30966,1
30967,1
30968,0
30969,0
30970,1
30971,0
30972,0
30973,0
30974,0
30975,1
30976,1
30977,0
30978,0
30979,0
30980,1
30981,0
30982,0
30983,1
30984,0
30985,0
30986,0
30987,0
30988,1
30989,1
30990,1
30991,1
30992,1
30993,0
30994,1
30995,0
30996,0
30997,1
30998,1
30999,0
31000,1
31001,0
31002,1
31003,1
31004,1
31005,0
31006,1
31007,1
31008,0
31009,0
31010,0
31011,0
31012,0
31013,0
31014,0
31015,1
31016,0
31017,1
31018,0
31019,0
31020,1
31021,0
31022,0
31023,1
31024,1
31025,0
31026,0
31027,1
31028,0
31029,1
31030,0
31031,0
31032,0
31033,1
31034,1
31035,0
31036,1
31037,1
31038,1
31039,0
31040,0
31041,1
31042,1
31043,0
31044,1
31045,1
31046,0
31047,0
31048,0
31049,1
31050,1
31051,1
31052,0
31053,0
31054,1
31055,0
31056,1
31057,1
31058,0
31059,0
31060,1
31061,0
31062,1
31063,1
31064,1
31065,0
31066,0
31067,1
31068,1
31069,0
31070,1
31071,0
31072,0
31073,0
31074,0
31075,1
31076,0
31077,1
31078,0
31079,0
31080,0
31081,0
31082,1
31083,1
31084,0
31085,0
31086,1
31087,0
31088,1
31089,0
31090,1
31091,1
31092,0
31093,0
31094,0
31095,0
31096,0
31097,1
31098,1
31099,0
31100,0
31101,0
31102,0
31103,0
31104,1
31105,0
31106,1
31107,1
31108,0
31109,1
31110,0
31111,0
31112,1
31113,1
31114,0
31115,0
31116,0
31117,1
31118,1
31119,1
31120,0
31121,1
31122,0
31123,0
31124,0
31125,0
31126,0
31127,0
31128,0
31129,0
31130,0
31131,1
31132,1
31133,1
31134,0
31135,0
31136,1
31137,0
31138,0
31139,0
31140,0
31141,0
31142,1
31143,0
31144,0
31145,0
31146,0
31147,0
31148,0
31149,1
31150,1
31151,0
31152,0
31153,1
31154,0
31155,1
31156,0
31157,0
31158,0
31159,1
31160,1
31161,1
31162,1
31163,0
31164,0
31165,0
31166,0
31167,0
31168,1
31169,1
31170,0
31171,0
31172,1
31173,0
31174,0
31175,0
31176,0
31177,0
31178,1
31179,0
31180,1
31181,0
31182,1
31183,1
31184,1
31185,1
31186,0
31187,1
31188,0
31189,0
31190,1
31191,1
31192,0
31193,1
31194,1
31195,0
31196,1
31197,0
31198,1
31199,0
31200,1
31201,0
31202,1
31203,1
31204,1
31205,0
31206,1
31207,0
31208,0
31209,0
31210,1
31211,1
31212,1
31213,0
31214,0
31215,0
31216,0
31217,1
31218,1
31219,0
31220,0
31221,1
31222,0
31223,0
31224,0
31225,1
31226,1
31227,1
31228,0
31229,0
31230,0
31231,0
31232,0
31233,1
31234,0
31235,0
31236,1
31237,1
31238,1
31239,0
31240,0
31241,0
31242,0
31243,0
31244,0
31245,1
31246,1
31247,1
31248,1
31249,0
31250,1
31251,0
31252,1
31253,0
31254,1
31255,0
31256,1
31257,1
31258,0
31259,1
31260,0
31261,1
31262,0
31263,1
31264,0
31265,1
31266,0
31267,0
31268,0
31269,0
31270,1
31271,1
31272,1
31273,0
31274,0
31275,0
31276,0
31277,1
31278,1
31279,0
31280,1
31281,1
31282,1
31283,0
31284,1
31285,1
31286,0
31287,0
31288,0
31289,1
31290,0
31291,0
31292,0
31293,1
31294,0
31295,1
31296,0
31297,1
31298,1
31299,1
31300,1
31301,0
31302,1
31303,0
31304,0
31305,1
31306,1
31307,1
31308,0
31309,1
31310,1
31311,1
31312,0
31313,0
31314,1
31315,0
31316,0
31317,0
31318,1
31319,1
31320,0
31321,1
31322,0
31323,0
31324,1
31325,0
31326,1
31327,1
31328,1
31329,1
31330,1
31331,1
31332,0
31333,1
31334,1
31335,0
31336,1
31337,1
31338,1
31339,0
31340,0
31341,1
31342,1
31343,1
31344,0
31345,0
31346,1
31347,1
31348,1
31349,0
31350,0
31351,1
31352,1
31353,0
31354,1
31355,1
31356,1
31357,0
31358,0
31359,1
31360,0
31361,1
31362,0
31363,0
31364,1
31365,0
31366,0
31367,1
31368,1
31369,1
31370,1
31371,0
31372,0
31373,0
31374,0
31375,0
31376,0
31377,1
31378,0
31379,1
31380,1
31381,1
31382,1
31383,0
31384,0
31385,0
31386,0
31387,0
31388,0
31389,1
31390,0
31391,1
31392,0
31393,0
31394,0
31395,0
31396,1
31397,0
31398,0
31399,0
31400,0
31401,1
31402,0
31403,0
31404,0
31405,1
31406,1
31407,0
31408,1
31409,1
31410,0
31411,0
31412,0
31413,0
31414,0
31415,0
31416,1
31417,0
31418,0
31419,0
31420,1
31421,1
31422,1
31423,0
31424,1
31425,0
31426,1
31427,1
31428,0
31429,1
31430,0
31431,1
31432,1
31433,0
31434,0
31435,1
31436,1
31437,1
31438,1
31439,0
31440,0
31441,1
31442,1
31443,0
31444,1
31445,0
31446,0
31447,1
31448,1
31449,0
31450,1
31451,0
31452,0
31453,0
31454,0
31455,0
31456,1
31457,1
31458,0
31459,0
31460,1
31461,0
31462,1
31463,0
31464,0
31465,0
31466,0
31467,1
31468,0
31469,1
31470,0
31471,1
31472,1
31473,1
31474,0
31475,0
31476,0
31477,1
31478,0
31479,1
31480,0
31481,1
31482,0
31483,0
31484,1
31485,1
31486,1
31487,1
31488,1
31489,0
31490,1
31491,1
31492,1
31493,1
31494,1
31495,0
31496,0
31497,1
31498,0
31499,1
31500,1
31501,1
31502,1
31503,1
31504,0
31505,1
31506,0
31507,1
31508,0
31509,0
31510,0
31511,1
31512,0
31513,0
31514,0
31515,0
31516,0
31517,1
31518,0
31519,0
31520,0
31521,0
31522,1
31523,1
31524,0
31525,1
31526,0
31527,1
31528,1
31529,1
31530,1
31531,0
31532,0
31533,0
31534,0
31535,1
31536,1
31537,0
31538,0
31539,0
31540,1
31541,0
31542,0
31543,0
31544,0
31545,0
31546,1
31547,0
31548,1
31549,0
31550,0
31551,1
31552,0
31553,1
31554,1
31555,1
31556,1
31557,0
31558,1
31559,0
31560,1
31561,1
31562,0
31563,1
31564,1
31565,1
31566,1
31567,1
31568,1
31569,1
31570,0
31571,1
31572,0
31573,1
31574,1
31575,0
31576,0
31577,1
31578,0
31579,1
31580,1
31581,1
31582,1
31583,1
31584,0
31585,1
31586,0
31587,1
31588,0
31589,1
31590,0
31591,1
31592,0
31593,1
31594,1
31595,0
31596,1
31597,1
31598,0
31599,0
31600,0
31601,0
31602,1
31603,0
31604,0
31605,1
31606,0
31607,0
31608,0
31609,0
31610,1
31611,1
31612,1
31613,0
31614,1
31615,1
31616,0
31617,1
31618,1
31619,1
31620,0
31621,1
31622,0
31623,0
31624,0
31625,0
31626,1
31627,1
31628,0
31629,1
31630,1
31631,0
31632,0
31633,1
31634,0
31635,0
31636,0
31637,1
31638,1
31639,0
31640,1
31641,0
31642,0
31643,0
31644,0
31645,0
31646,0
31647,0
31648,1
31649,0
31650,0
31651,1
31652,1
31653,0
31654,1
31655,1
31656,1
31657,0
31658,1
31659,0
31660,1
31661,1
31662,0
31663,0
31664,0
31665,0
31666,0
31667,0
31668,1
31669,0
31670,1
31671,0
31672,0
31673,1
31674,1
31675,1
31676,0
31677,0
31678,0
31679,0
31680,0
31681,0
31682,0
31683,0
31684,1
31685,1
31686,1
31687,1
31688,1
31689,0
31690,0
31691,1
31692,1
31693,1
31694,0
31695,1
31696,1
31697,1
31698,0
31699,0
31700,1
31701,1
31702,0
31703,0
31704,0
31705,1
31706,1
31707,0
31708,1
31709,0
31710,0
31711,0
31712,0
31713,0
31714,0
31715,0
31716,1
31717,0
31718,0
31719,0
31720,0
31721,1
31722,1
31723,0
31724,0
31725,1
31726,1
31727,0
31728,1
31729,0
31730,0
31731,1
31732,1
31733,1
31734,0
31735,0
31736,1
31737,1
31738,0
31739,1
31740,0
31741,1
31742,0
31743,0
31744,0
31745,0
31746,0
31747,1
31748,0
31749,1
31750,0
31751,0
31752,0
31753,1
31754,1
31755,1
31756,1
31757,0
31758,0
31759,0
31760,0
31761,0
31762,0
31763,0
31764,0
31765,0
31766,0
31767,1
31768,0
31769,0
31770,1
31771,1
31772,1
31773,0
31774,0
31775,0
31776,1
31777,0
31778,0
31779,0
31780,0
31781,0
31782,1
31783,0
31784,1
31785,1
31786,1
31787,0
31788,1
31789,0
31790,0
31791,0
31792,0
31793,1
31794,0
31795,0
31796,1
31797,1
31798,0
31799,0
31800,0
31801,1
31802,0
31803,0
31804,0
31805,0
31806,1
31807,0
31808,1
31809,0
31810,1
31811,1
31812,1
31813,1
31814,1
31815,1
31816,1
31817,1
31818,0
31819,1
31820,1
31821,1
31822,1
31823,1
31824,1
31825,0
31826,1
31827,1
31828,1
31829,1
31830,0
31831,1
31832,1
31833,1
31834,1
31835,1
31836,0
31837,1
31838,1
31839,1
31840,1
31841,0
31842,0
31843,1
31844,0
31845,0
31846,0
31847,1
31848,0
31849,0
31850,1
31851,0
31852,1
31853,1
31854,0
31855,1
31856,0
31857,0
31858,1
31859,1
31860,1
31861,0
31862,0
31863,1
31864,0
31865,1
31866,1
31867,0
31868,1
31869,1
31870,0
31871,0
31872,0
31873,0
31874,0
31875,0
31876,0
31877,0
31878,0
31879,1
31880,0
31881,1
31882,0
31883,1
31884,1
31885,1
31886,0
31887,0
31888,0
31889,0
31890,1
31891,0
31892,0
31893,1
31894,1
31895,0
31896,0
31897,1
31898,1
31899,1
31900,1
31901,0
31902,0
31903,1
31904,0
31905,1
31906,0
31907,1
31908,1
31909,0
31910,0
31911,0
31912,0
31913,0
31914,1
31915,1
31916,0
31917,0
31918,0
31919,0
31920,1
31921,0
31922,1
31923,0
31924,0
31925,0
31926,0
31927,0
31928,0
31929,1
31930,0
31931,1
31932,0
31933,1
31934,1
31935,0
31936,1
31937,0
31938,0
31939,0
31940,1
31941,1
31942,0
31943,1
31944,1
31945,0
31946,0
31947,0
31948,1
31949,1
31950,0
31951,1
31952,0
31953,0
31954,1
31955,0
31956,1
31957,0
31958,1
31959,0
31960,0
31961,0
31962,1
31963,1
31964,1
31965,1
31966,1
31967,1
31968,0
31969,0
31970,0
31971,0
31972,0
31973,1
31974,1
31975,0
31976,0
31977,1
31978,0
31979,1
31980,0
31981,0
31982,1
31983,1
31984,0
31985,0
31986,1
31987,0
31988,1
31989,1
31990,0
31991,1
31992,1
31993,0
31994,0
31995,0
31996,0
31997,1
31998,0
31999,1
32000,1
32001,1
32002,1
32003,0
32004,1
32005,0
32006,1
32007,1
32008,0
32009,0
32010,1
32011,1
32012,0
32013,0
32014,0
32015,1
32016,1
32017,0
32018,1
32019,1
32020,1
32021,0
32022,1
32023,1
32024,1
32025,0
32026,1
32027,0
32028,1
32029,0
32030,1
32031,1
32032,1
32033,0
32034,1
32035,0
32036,0
32037,1
32038,1
32039,1
32040,1
32041,0
32042,0
32043,1
32044,0
32045,1
32046,0
32047,0
32048,1
32049,1
32050,0
32051,1
32052,1
32053,0
32054,1
32055,1
32056,0
32057,1
32058,0
32059,1
32060,1
32061,1
32062,1
32063,0
32064,1
32065,0
32066,1
32067,0
32068,1
32069,0
32070,0
32071,0
32072,0
32073,0
32074,0
32075,1
32076,1
32077,0
32078,0
32079,1
32080,0
32081,1
32082,1
32083,1
32084,0
32085,0
32086,1
32087,1
32088,0
32089,1
32090,1
32091,1
32092,0
32093,0
32094,1
32095,0
32096,0
32097,0
32098,1
32099,1
32100,1
32101,0
32102,0
32103,0
32104,0
32105,0
32106,0
32107,1
32108,1
32109,0
32110,1
32111,0
32112,0
32113,1
32114,1
32115,0
32116,0
32117,0
32118,1
32119,1
32120,0
32121,1
32122,0
32123,1
32124,0
32125,1
32126,1
32127,1
32128,1
32129,0
32130,0
32131,0
32132,1
32133,0
32134,0
32135,1
32136,1
32137,1
32138,1
32139,0
32140,1
32141,0
32142,0
32143,0
32144,0
32145,0
32146,1
32147,0
32148,1
32149,0
32150,0
32151,0
32152,1
32153,1
32154,0
32155,1
32156,0
32157,1
32158,0
32159,0
32160,0
32161,0
32162,0
32163,1
32164,0
32165,0
32166,0
32167,0
32168,0
32169,0
32170,1
32171,0
32172,0
32173,1
32174,0
32175,0
32176,1
32177,0
32178,0
32179,0
32180,0
32181,0
32182,1
32183,1
32184,1
32185,0
32186,0
32187,1
32188,1
32189,1
32190,0
32191,1
32192,1
32193,1
32194,0
32195,0
32196,1
32197,0
32198,0
32199,1
32200,0
32201,0
32202,0
32203,0
32204,1
32205,0
32206,0
32207,0
32208,0
32209,0
32210,0
32211,0
32212,1
32213,0
32214,1
32215,0
32216,0
32217,0
32218,0
32219,1
32220,0
32221,0
32222,1
32223,0
32224,0
32225,1
32226,0
32227,1
32228,1
32229,0
32230,1
32231,1
32232,1
32233,0
32234,0
32235,0
32236,0
32237,0
32238,1
32239,0
32240,1
32241,1
32242,0
32243,1
32244,0
32245,1
32246,0
32247,0
32248,0
32249,1
32250,1
32251,1
32252,0
32253,1
32254,0
32255,0
32256,0
32257,1
32258,0
32259,1
32260,1
32261,0
32262,0
32263,1
32264,1
32265,0
32266,1
32267,1
32268,1
32269,0
32270,0
32271,0
32272,1
32273,1
32274,1
32275,0
32276,1
32277,1
32278,0
32279,0
32280,0
32281,1
32282,1
32283,0
32284,1
32285,0
32286,1
32287,0
32288,0
32289,1
32290,1
32291,1
32292,0
32293,0
32294,0
32295,1
32296,1
32297,1
32298,1
32299,0
32300,1
32301,0
32302,0
32303,1
32304,1
32305,0
32306,0
32307,0
32308,1
32309,0
32310,1
32311,1
32312,0
32313,1
32314,0
32315,0
32316,0
32317,1
32318,0
32319,0
32320,0
32321,0
32322,0
32323,0
32324,0
32325,1
32326,0
32327,1
32328,1
32329,0
32330,0
32331,1
32332,1
32333,1
32334,1
32335,1
32336,0
32337,1
32338,1
32339,1
32340,1
32341,0
32342,0
32343,1
32344,0
32345,1
32346,1
32347,0
32348,1
32349,0
32350,1
32351,0
32352,1
32353,0
32354,1
32355,0
32356,1
32357,1
32358,1
32359,1
32360,0
32361,1
32362,1
32363,1
32364,1
32365,0
32366,1
32367,0
32368,0
32369,1
32370,1
32371,1
32372,0
32373,1
32374,0
32375,1
32376,1
32377,1
32378,1
32379,0
32380,1
32381,0
32382,0
32383,0
32384,0
32385,0
32386,1
32387,1
32388,1
32389,0
32390,0
32391,1
32392,0
32393,1
32394,0
32395,0
32396,0
32397,1
32398,1
32399,0
32400,1
32401,1
32402,1
32403,1
32404,1
32405,1
32406,1
32407,1
32408,1
32409,1
32410,0
32411,1
32412,0
32413,0
32414,0
32415,1
32416,1
32417,1
32418,0
32419,1
32420,1
32421,1
32422,0
32423,0
32424,1
32425,1
32426,1
32427,1
32428,0
32429,0
32430,0
32431,0
32432,0
32433,1
32434,1
32435,1
32436,0
32437,0
32438,1
32439,1
32440,0
32441,1
32442,1
32443,0
32444,1
32445,1
32446,1
32447,1
32448,0
32449,0
32450,0
32451,0
32452,1
32453,0
32454,0
32455,0
32456,0
32457,0
32458,1
32459,1
32460,0
32461,0
32462,1
32463,0
32464,0
32465,0
32466,0
32467,1
32468,0
32469,1
32470,0
32471,1
32472,0
32473,0
32474,0
32475,1
32476,0
32477,0
32478,1
32479,0
32480,1
32481,1
32482,0
32483,1
32484,1
32485,0
32486,0
32487,1
32488,1
32489,1
32490,0
32491,1
32492,1
32493,1
32494,0
32495,0
32496,1
32497,1
32498,1
32499,1
32500,1
32501,1
32502,0
32503,0
32504,0
32505,0
32506,0
32507,0
32508,1
32509,0
32510,0
32511,1
32512,0
32513,0
32514,1
32515,0
32516,1
32517,1
32518,0
32519,0
32520,0
32521,1
32522,1
32523,1
32524,0
32525,0
32526,0
32527,1
32528,1
32529,1
32530,0
32531,0
32532,1
32533,0
32534,1
32535,1
32536,1
32537,1
32538,1
32539,0
32540,1
32541,0
32542,1
32543,1
32544,0
32545,1
32546,0
32547,1
32548,1
32549,1
32550,1
32551,0
32552,0
32553,0
32554,1
32555,1
32556,1
32557,1
32558,1
32559,0
32560,1
32561,0
32562,0
32563,1
32564,1
32565,1
32566,0
32567,0
32568,0
32569,1
32570,0
32571,1
32572,0
32573,0
32574,0
32575,1
32576,0
32577,0
32578,0
32579,0
32580,1
32581,0
32582,0
32583,1
32584,1
32585,0
32586,0
32587,1
32588,0
32589,0
32590,0
32591,0
32592,0
32593,0
32594,1
32595,0
32596,1
32597,0
32598,1
32599,0
32600,0
32601,0
32602,1
32603,0
32604,0
32605,1
32606,1
32607,1
32608,1
32609,0
32610,1
32611,0
32612,0
32613,1
32614,0
32615,1
32616,1
32617,0
32618,1
32619,1
32620,0
32621,1
32622,0
32623,1
32624,1
32625,0
32626,0
32627,1
32628,1
32629,0
32630,0
32631,0
32632,0
32633,0
32634,0
32635,0
32636,0
32637,0
32638,1
32639,1
32640,1
32641,1
32642,0
32643,0
32644,1
32645,1
32646,0
32647,1
32648,0
32649,1
32650,1
32651,0
32652,0
32653,1
32654,1
32655,0
32656,1
32657,0
32658,1
32659,1
32660,1
32661,0
32662,1
32663,1
32664,0
32665,0
32666,0
32667,1
32668,0
32669,1
32670,1
32671,0
32672,0
32673,1
32674,0
32675,1
32676,0
32677,1
32678,0
32679,1
32680,1
32681,0
32682,0
32683,1
32684,1
32685,0
32686,1
32687,0
32688,1
32689,0
32690,0
32691,0
32692,0
32693,1
32694,1
32695,0
32696,1
32697,1
32698,0
32699,0
32700,0
32701,0
32702,0
32703,0
32704,0
32705,1
32706,0
32707,1
32708,1
32709,0
32710,0
32711,1
32712,1
32713,0
32714,0
32715,1
32716,0
32717,0
32718,0
32719,1
32720,1
32721,1
32722,1
32723,0
32724,1
32725,0
32726,0
32727,1
32728,0
32729,0
32730,0
32731,0
32732,1
32733,0
32734,0
32735,0
32736,0
32737,0
32738,0
32739,1
32740,0
32741,1
32742,1
32743,0
32744,0
32745,0
32746,1
32747,0
32748,0
32749,0
32750,0
32751,0
32752,0
32753,1
32754,0
32755,1
32756,1
32757,0
32758,1
32759,1
32760,1
32761,0
32762,0
32763,1
32764,1
32765,1
32766,0
32767,0
32768,0
32769,1
32770,1
32771,0
32772,0
32773,1
32774,0
32775,1
32776,0
32777,0
32778,0
32779,1
32780,1
32781,0
32782,0
32783,0
32784,1
32785,1
32786,0
32787,0
32788,0
32789,0
32790,0
32791,0
32792,0
32793,1
32794,1
32795,1
32796,0
32797,0
32798,1
32799,1
32800,0
32801,0
32802,0
32803,0
32804,0
32805,0
32806,0
32807,1
32808,1
32809,0
32810,1
32811,1
32812,0
32813,0
32814,1
32815,0
32816,1
32817,1
32818,0
32819,1
32820,1
32821,1
32822,0
32823,1
32824,1
32825,1
32826,0
32827,1
32828,0
32829,0
32830,0
32831,1
32832,0
32833,0
32834,1
32835,0
32836,0
32837,0
32838,0
32839,0
32840,0
32841,0
32842,1
32843,0
32844,1
32845,0
32846,0
32847,0
32848,0
32849,1
32850,0
32851,0
32852,1
32853,0
32854,0
32855,0
32856,0
32857,0
32858,0
32859,0
32860,0
32861,0
32862,1
32863,1
32864,1
32865,1
32866,0
32867,0
32868,0
32869,0
32870,0
32871,1
32872,0
32873,1
32874,1
32875,0
32876,1
32877,1
32878,1
32879,0
32880,1
32881,0
32882,1
32883,0
32884,1
32885,0
32886,0
32887,1
32888,1
32889,1
32890,0
32891,0
32892,1
32893,0
32894,1
32895,1
32896,0
32897,0
32898,0
32899,1
32900,0
32901,1
32902,1
32903,1
32904,0
32905,1
32906,0
32907,1
32908,0
32909,0
32910,1
32911,1
32912,0
32913,0
32914,1
32915,0
32916,0
32917,1
32918,1
32919,0
32920,0
32921,1
32922,0
32923,1
32924,0
32925,0
32926,0
32927,1
32928,0
32929,0
32930,1
32931,1
32932,0
32933,1
32934,1
32935,0
32936,1
32937,0
32938,0
32939,0
32940,0
32941,0
32942,1
32943,1
32944,1
32945,1
32946,0
32947,0
32948,1
32949,0
32950,1
32951,1
32952,1
32953,1
32954,0
32955,1
32956,0
32957,0
32958,0
32959,0
32960,0
32961,0
32962,0
32963,0
32964,0
32965,0
32966,1
32967,0
32968,1
32969,0
32970,0
32971,0
32972,0
32973,0
32974,1
32975,0
32976,0
32977,1
32978,1
32979,1
32980,0
32981,1
32982,0
32983,0
32984,1
32985,0
32986,0
32987,0
32988,0
32989,0
32990,0
32991,1
32992,1
32993,1
32994,1
32995,0
32996,0
32997,1
32998,0
32999,0
33000,1
33001,0
33002,1
33003,0
33004,1
33005,1
33006,1
33007,0
33008,1
33009,1
33010,0
33011,1
33012,0
33013,0
33014,0
33015,1
33016,1
33017,0
33018,1
33019,0
33020,0
33021,0
33022,1
33023,0
33024,1
33025,0
33026,1
33027,1
33028,1
33029,0
33030,0
33031,0
33032,0
33033,1
33034,0
33035,1
33036,1
33037,0
33038,0
33039,0
33040,0
33041,0
33042,1
33043,0
33044,1
33045,0
33046,0
33047,0
33048,1
33049,0
33050,1
33051,0
33052,0
33053,0
33054,1
33055,0
33056,0
33057,0
33058,0
33059,0
33060,0
33061,0
33062,1
33063,1
33064,0
33065,1
33066,0
33067,0
33068,0
33069,1
33070,1
33071,0
33072,0
33073,0
33074,1
33075,0
33076,0
33077,1
33078,0
33079,1
33080,0
33081,0
33082,1
33083,0
33084,0
33085,1
33086,1
33087,0
33088,0
33089,0
33090,0
33091,1
33092,1
33093,0
33094,0
33095,1
33096,0
33097,0
33098,1
33099,0
33100,1
33101,0
33102,0
33103,1
33104,1
33105,1
33106,1
33107,0
33108,0
33109,1
33110,1
33111,0
33112,1
33113,1
33114,0
33115,1
33116,0
33117,1
33118,0
33119,1
33120,0
33121,1
33122,1
33123,1
33124,0
33125,0
33126,0
33127,0
33128,1
33129,1
33130,0
33131,1
33132,0
33133,1
33134,1
33135,1
33136,1
33137,0
33138,1
33139,0
33140,0
33141,0
33142,0
33143,0
33144,1
33145,0
33146,0
33147,0
33148,1
33149,1
33150,1
33151,1
33152,1
33153,1
33154,0
33155,1
33156,0
33157,0
33158,1
33159,1
33160,1
33161,1
33162,1
33163,0
33164,1
33165,1
33166,1
33167,0
33168,1
33169,0
33170,0
33171,0
33172,0
33173,1
33174,1
33175,0
33176,0
33177,1
33178,1
33179,0
33180,1
33181,0
33182,0
33183,0
33184,0
33185,1
33186,0
33187,1
33188,0
33189,0
33190,0
33191,1
33192,1
33193,1
33194,0
33195,0
33196,0
33197,0
33198,1
33199,1
33200,1
33201,0
33202,0
33203,0
33204,1
33205,0
33206,0
33207,0
33208,1
33209,1
33210,0
33211,0
33212,1
33213,0
33214,1
33215,1
33216,0
33217,0
33218,0
33219,0
33220,1
33221,1
33222,1
33223,0
33224,0
33225,0
33226,0
33227,1
33228,0
33229,0
33230,1
33231,0
33232,0
33233,0
33234,1
33235,0
33236,1
33237,1
33238,0
33239,0
33240,1
33241,1
33242,0
33243,1
33244,0
33245,0
33246,0
33247,0
33248,0
33249,1
33250,0
33251,0
33252,0
33253,0
33254,1
33255,0
33256,0
33257,1
33258,0
33259,0
33260,1
33261,1
33262,0
33263,0
33264,1
33265,0
33266,1
33267,1
33268,0
33269,1
33270,1
33271,1
33272,0
33273,1
33274,0
33275,0
33276,0
33277,1
33278,1
33279,1
33280,1
33281,0
33282,0
33283,0
33284,1
33285,0
33286,1
33287,0
33288,0
33289,0
33290,0
33291,0
33292,1
33293,0
33294,0
33295,1
33296,1
33297,1
33298,1
33299,1
33300,0
33301,1
33302,0
33303,0
33304,0
33305,0
33306,0
33307,1
33308,1
33309,1
33310,0
33311,1
33312,0
33313,0
33314,0
33315,0
33316,0
33317,0
33318,1
33319,0
33320,0
33321,1
33322,1
33323,0
33324,1
33325,1
33326,0
33327,1
33328,0
33329,0
33330,0
33331,1
33332,1
33333,1
33334,1
33335,0
33336,0
33337,0
33338,1
33339,0
33340,1
33341,0
33342,1
33343,1
33344,0
33345,0
33346,1
33347,1
33348,1
33349,1
33350,0
33351,0
33352,1
33353,0
33354,0
33355,1
33356,0
33357,1
33358,0
33359,0
33360,0
33361,0
33362,1
33363,0
33364,0
33365,0
33366,0
33367,0
33368,0
33369,1
33370,0
33371,0
33372,0
33373,1
33374,1
33375,0
33376,0
33377,1
33378,1
33379,0
33380,0
33381,1
33382,0
33383,1
33384,1
33385,1
33386,0
33387,0
33388,0
33389,0
33390,1
33391,1
33392,0
33393,0
33394,1
33395,1
33396,1
33397,1
33398,0
33399,0
33400,0
33401,0
33402,1
33403,0
33404,1
33405,0
33406,1
33407,1
33408,0
33409,1
33410,0
33411,1
33412,0
33413,1
33414,0
33415,0
33416,0
33417,1
33418,1
33419,1
33420,0
33421,1
33422,0
33423,1
33424,1
33425,0
33426,1
33427,0
33428,1
33429,0
33430,0
33431,0
33432,1
33433,1
33434,0
33435,1
33436,1
33437,0
33438,1
33439,1
33440,0
33441,1
33442,1
33443,0
33444,1
33445,0
33446,1
33447,1
33448,1
33449,0
33450,0
33451,0
33452,0
33453,0
33454,0
33455,1
33456,0
33457,0
33458,1
33459,1
33460,1
33461,1
33462,1
33463,0
33464,1
33465,1
33466,1
33467,0
33468,1
33469,0
33470,1
33471,0
33472,0
33473,0
33474,1
33475,1
33476,1
33477,0
33478,0
33479,0
33480,1
33481,1
33482,0
33483,1
33484,1
33485,1
33486,1
33487,1
33488,0
33489,0
33490,0
33491,0
33492,1
33493,0
33494,0
33495,1
33496,0
33497,0
33498,1
33499,0
33500,1
33501,0
33502,0
33503,1
33504,1
33505,1
33506,0
33507,0
33508,0
33509,1
33510,1
33511,0
33512,1
33513,0
33514,1
33515,0
33516,0
33517,0
33518,1
33519,1
33520,0
33521,1
33522,0
33523,0
33524,1
33525,1
33526,0
33527,1
33528,1
33529,0
33530,1
33531,0
33532,0
33533,0
33534,0
33535,0
33536,1
33537,0
33538,0
33539,1
33540,1
33541,0
33542,1
33543,0
33544,1
33545,1
33546,1
33547,1
33548,1
33549,0
33550,0
33551,0
33552,0
33553,1
33554,1
33555,1
33556,0
33557,0
33558,0
33559,1
33560,0
33561,1
33562,1
33563,1
33564,1
33565,0
33566,1
33567,0
33568,0
33569,1
33570,1
33571,1
33572,0
33573,1
33574,1
33575,0
33576,0
33577,0
33578,1
33579,1
33580,1
33581,1
33582,1
33583,0
33584,0
33585,1
33586,0
33587,0
33588,0
33589,0
33590,0
33591,0
33592,1
33593,1
33594,0
33595,0
33596,0
33597,1
33598,1
33599,1
33600,0
33601,1
33602,1
33603,1
33604,1
33605,1
33606,1
33607,0
33608,0
33609,0
33610,0
33611,1
33612,1
33613,0
33614,1
33615,0
33616,0
33617,0
33618,1
33619,0
33620,1
33621,1
33622,0
33623,1
33624,1
33625,1
33626,1
33627,1
33628,0
33629,0
33630,0
33631,1
33632,0
33633,1
33634,1
33635,1
33636,1
33637,1
33638,0
33639,0
33640,0
33641,0
33642,1
33643,0
33644,1
33645,1
33646,0
33647,0
33648,0
33649,0
33650,1
33651,0
33652,0
33653,0
33654,0
33655,1
33656,0
33657,0
33658,0
33659,1
33660,1
33661,0
33662,0
33663,1
33664,1
33665,1
33666,0
33667,0
33668,1
33669,0
33670,0
33671,1
33672,0
33673,0
33674,0
33675,0
33676,0
33677,1
33678,1
33679,0
33680,0
33681,0
33682,1
33683,0
33684,1
33685,0
33686,0
33687,0
33688,0
33689,1
33690,1
33691,0
33692,1
33693,1
33694,0
33695,1
33696,1
33697,0
33698,1
33699,0
33700,0
33701,1
33702,0
33703,1
33704,0
33705,1
33706,0
33707,0
33708,0
33709,1
33710,0
33711,0
33712,0
33713,0
33714,1
33715,0
33716,1
33717,0
33718,0
33719,0
33720,1
33721,1
33722,1
33723,0
33724,0
33725,1
33726,0
33727,1
33728,0
33729,1
33730,0
33731,1
33732,0
33733,1
33734,0
33735,1
33736,0
33737,1
33738,0
33739,0
33740,1
33741,0
33742,0
33743,0
33744,0
33745,1
33746,1
33747,1
33748,1
33749,0
33750,0
33751,1
33752,0
33753,0
33754,0
33755,0
33756,0
33757,1
33758,1
33759,1
33760,0
33761,1
33762,1
33763,0
33764,0
33765,0
33766,1
33767,0
33768,1
33769,1
33770,1
33771,1
33772,0
33773,1
33774,1
33775,1
33776,0
33777,0
33778,1
33779,0
33780,1
33781,1
33782,1
33783,1
33784,1
33785,0
33786,1
33787,1
33788,0
33789,0
33790,0
33791,0
33792,1
33793,0
33794,1
33795,0
33796,1
33797,0
33798,0
33799,1
33800,0
33801,1
33802,1
33803,0
33804,1
33805,1
33806,0
33807,1
33808,1
33809,1
33810,1
33811,1
33812,1
33813,0
33814,0
33815,0
33816,0
33817,0
33818,1
33819,0
33820,1
33821,1
33822,0
33823,0
33824,0
33825,0
33826,1
33827,0
33828,0
33829,1
33830,1
33831,0
33832,0
33833,0
33834,0
33835,0
33836,0
33837,1
33838,0
33839,1
33840,0
33841,0
33842,1
33843,0
33844,1
33845,0
33846,1
33847,0
33848,1
33849,0
33850,1
33851,1
33852,0
33853,1
33854,0
33855,0
33856,0
33857,0
33858,1
33859,1
33860,1
33861,1
33862,0
33863,0
33864,1
33865,0
33866,1
33867,1
33868,1
33869,0
33870,0
33871,1
33872,1
33873,0
33874,0
33875,1
33876,0
33877,1
33878,0
33879,1
33880,0
33881,0
33882,0
33883,1
33884,0
33885,1
33886,0
33887,0
33888,0
33889,0
33890,0
33891,0
33892,0
33893,1
33894,0
33895,1
33896,0
33897,0
33898,0
33899,1
33900,1
33901,1
33902,0
33903,1
33904,0
33905,1
33906,0
33907,1
33908,1
33909,0
33910,1
33911,1
33912,1
33913,1
33914,0
33915,1
33916,0
33917,0
33918,1
33919,1
33920,0
33921,0
33922,0
33923,1
33924,1
33925,0
33926,0
33927,1
33928,1
33929,0
33930,0
33931,1
33932,0
33933,0
33934,0
33935,0
33936,1
33937,0
33938,0
33939,1
33940,1
33941,0
33942,0
33943,0
33944,0
33945,1
33946,0
33947,0
33948,0
33949,1
33950,0
33951,0
33952,0
33953,0
33954,0
33955,0
33956,1
33957,0
33958,0
33959,1
33960,0
33961,1
33962,0
33963,1
33964,1
33965,0
33966,1
33967,0
33968,0
33969,1
33970,0
33971,0
33972,1
33973,0
33974,0
33975,0
33976,1
33977,0
33978,1
33979,1
33980,1
33981,1
33982,0
33983,0
33984,1
33985,1
33986,1
33987,1
33988,1
33989,1
33990,0
33991,0
33992,0
33993,0
33994,1
33995,0
33996,0
33997,1
33998,1
33999,0
34000,1
34001,1
34002,1
34003,0
34004,1
34005,0
34006,0
34007,0
34008,1
34009,0
34010,0
34011,1
34012,1
34013,0
34014,0
34015,0
34016,0
34017,1
34018,0
34019,1
34020,1
34021,0
34022,1
34023,1
34024,0
34025,1
34026,0
34027,1
34028,0
34029,1
34030,0
34031,1
34032,1
34033,0
34034,1
34035,0
34036,0
34037,0
34038,0
34039,0
34040,0
34041,0
34042,0
34043,0
34044,1
34045,0
34046,0
34047,1
34048,0
34049,0
34050,0
34051,0
34052,1
34053,0
34054,1
34055,1
34056,0
34057,1
34058,1
34059,0
34060,1
34061,0
34062,0
34063,0
34064,1
34065,1
34066,0
34067,0
34068,1
34069,0
34070,1
34071,0
34072,0
34073,1
34074,1
34075,0
34076,1
34077,1
34078,0
34079,0
34080,0
34081,1
34082,1
34083,0
34084,1
34085,0
34086,1
34087,1
34088,1
34089,1
34090,1
34091,1
34092,0
34093,0
34094,1
34095,1
34096,0
34097,0
34098,0
34099,1
34100,1
34101,0
34102,0
34103,1
34104,0
34105,0
34106,1
34107,1
34108,0
34109,1
34110,1
34111,0
34112,1
34113,0
34114,0
34115,1
34116,0
34117,1
34118,1
34119,0
34120,0
34121,1
34122,0
34123,1
34124,0
34125,1
34126,0
34127,0
34128,0
34129,0
34130,0
34131,1
34132,0
34133,0
34134,1
34135,1
34136,0
34137,0
34138,1
34139,1
34140,0
34141,0
34142,0
34143,0
34144,1
34145,0
34146,1
34147,1
34148,1
34149,0
34150,1
34151,0
34152,1
34153,0
34154,0
34155,0
34156,1
34157,0
34158,0
34159,0
34160,0
34161,1
34162,0
34163,0
34164,1
34165,0
34166,0
34167,0
34168,1
34169,1
34170,0
34171,0
34172,1
34173,1
34174,1
34175,1
34176,1
34177,1
34178,0
34179,1
34180,0
34181,1
34182,1
34183,1
34184,1
34185,0
34186,1
34187,1
34188,1
34189,0
34190,0
34191,1
34192,0
34193,1
34194,0
34195,0
34196,1
34197,0
34198,1
34199,1
34200,0
34201,0
34202,1
34203,0
34204,1
34205,0
34206,1
34207,0
34208,1
34209,0
34210,1
34211,1
34212,0
34213,1
34214,1
34215,0
34216,0
34217,0
34218,0
34219,1
34220,0
34221,1
34222,0
34223,0
34224,0
34225,0
34226,0
34227,0
34228,0
34229,0
34230,1
34231,0
34232,0
34233,0
34234,1
34235,1
34236,1
34237,0
34238,0
34239,1
34240,0
34241,1
34242,0
34243,1
34244,1
34245,0
34246,1
34247,0
34248,1
34249,1
34250,0
34251,0
34252,0
34253,0
34254,0
34255,1
34256,1
34257,1
34258,0
34259,0
34260,0
34261,1
34262,0
34263,0
34264,1
34265,1
34266,1
34267,1
34268,1
34269,1
34270,0
34271,1
34272,1
34273,1
34274,1
34275,1
34276,1
34277,1
34278,0
34279,0
34280,1
34281,0
34282,0
34283,0
34284,0
34285,1
34286,1
34287,0
34288,1
34289,0
34290,1
34291,0
34292,1
34293,1
34294,0
34295,1
34296,0
34297,0
34298,0
34299,0
34300,0
34301,1
34302,0
34303,0
34304,0
34305,1
34306,0
34307,0
34308,0
34309,0
34310,0
34311,0
34312,1
34313,1
34314,1
34315,1
34316,0
34317,1
34318,1
34319,1
34320,0
34321,0
34322,0
34323,1
34324,1
34325,0
34326,1
34327,1
34328,1
34329,0
34330,1
34331,0
34332,0
34333,0
34334,0
34335,1
34336,0
34337,0
34338,1
34339,0
34340,0
34341,0
34342,0
34343,0
34344,0
34345,1
34346,1
34347,0
34348,1
34349,1
34350,0
34351,1
34352,0
34353,1
34354,1
34355,0
34356,0
34357,0
34358,0
34359,1
34360,0
34361,1
34362,1
34363,1
34364,1
34365,0
34366,1
34367,1
34368,1
34369,0
34370,1
34371,0
34372,1
34373,1
34374,0
34375,0
34376,1
34377,1
34378,0
34379,0
34380,0
34381,1
34382,0
34383,1
34384,0
34385,0
34386,0
34387,1
34388,1
34389,0
34390,0
34391,0
34392,0
34393,1
34394,0
34395,0
34396,0
34397,1
34398,0
34399,0
34400,0
34401,1
34402,0
34403,0
34404,0
34405,1
34406,0
34407,0
34408,0
34409,0
34410,1
34411,1
34412,1
34413,0
34414,1
34415,1
34416,1
34417,1
34418,0
34419,1
34420,1
34421,1
34422,0
34423,1
34424,1
34425,1
34426,0
34427,0
34428,0
34429,1
34430,0
34431,1
34432,1
34433,1
34434,0
34435,0
34436,0
34437,1
34438,0
34439,1
34440,1
34441,1
34442,1
34443,1
34444,0
34445,1
34446,1
34447,1
34448,0
34449,1
34450,1
34451,1
34452,0
34453,0
34454,0
34455,0
34456,0
34457,1
34458,0
34459,1
34460,0
34461,0
34462,0
34463,0
34464,1
34465,1
34466,1
34467,1
34468,1
34469,0
34470,1
34471,1
34472,1
34473,1
34474,0
34475,0
34476,1
34477,0
34478,1
34479,0
34480,1
34481,1
34482,1
34483,1
34484,1
34485,0
34486,1
34487,1
34488,1
34489,1
34490,0
34491,0
34492,0
34493,0
34494,1
34495,0
34496,0
34497,1
34498,0
34499,1
34500,1
34501,0
34502,0
34503,0
34504,0
34505,0
34506,1
34507,1
34508,1
34509,1
34510,0
34511,0
34512,0
34513,1
34514,1
34515,1
34516,1
34517,0
34518,0
34519,0
34520,1
34521,1
34522,1
34523,0
34524,0
34525,1
34526,0
34527,0
34528,1
34529,0
34530,0
34531,0
34532,1
34533,1
34534,0
34535,1
34536,1
34537,1
34538,0
34539,0
34540,1
34541,1
34542,1
34543,0
34544,0
34545,0
34546,0
34547,0
34548,1
34549,0
34550,0
34551,1
34552,0
34553,1
34554,0
34555,0
34556,1
34557,1
34558,1
34559,0
34560,1
34561,0
34562,1
34563,1
34564,0
34565,1
34566,1
34567,1
34568,1
34569,1
34570,1
34571,0
34572,0
34573,0
34574,1
34575,0
34576,0
34577,0
34578,1
34579,0
34580,0
34581,1
34582,1
34583,0
34584,1
34585,1
34586,0
34587,0
34588,0
34589,0
34590,0
34591,1
34592,0
34593,1
34594,1
34595,1
34596,1
34597,0
34598,1
34599,0
34600,1
34601,1
34602,1
34603,0
34604,1
34605,0
34606,0
34607,0
34608,1
34609,0
34610,1
34611,1
34612,0
34613,0
34614,0
34615,0
34616,0
34617,0
34618,0
34619,1
34620,0
34621,1
34622,0
34623,1
34624,0
34625,1
34626,1
34627,1
34628,1
34629,1
34630,0
34631,0
34632,1
34633,1
34634,0
34635,0
34636,0
34637,0
34638,0
34639,0
34640,0
34641,0
34642,0
34643,1
34644,0
34645,1
34646,1
34647,1
34648,1
34649,1
34650,1
34651,0
34652,0
34653,0
34654,1
34655,0
34656,0
34657,1
34658,0
34659,1
34660,0
34661,1
34662,0
34663,0
34664,1
34665,1
34666,1
34667,0
34668,0
34669,0
34670,0
34671,1
34672,1
34673,1
34674,0
34675,0
34676,1
34677,0
34678,1
34679,0
34680,1
34681,1
34682,0
34683,1
34684,0
34685,1
34686,1
34687,1
34688,0
34689,1
34690,0
34691,0
34692,0
34693,1
34694,0
34695,0
34696,0
34697,0
34698,0
34699,1
34700,0
34701,1
34702,1
34703,0
34704,0
34705,0
34706,0
34707,1
34708,1
34709,0
34710,0
34711,1
34712,0
34713,0
34714,1
34715,0
34716,0
34717,1
34718,1
34719,0
34720,0
34721,0
34722,0
34723,1
34724,0
34725,1
34726,1
34727,1
34728,1
34729,0
34730,0
34731,0
34732,0
34733,1
34734,1
34735,0
34736,0
34737,0
34738,1
34739,0
34740,1
34741,1
34742,0
34743,0
34744,0
34745,1
34746,0
34747,0
34748,0
34749,0
34750,1
34751,0
34752,1
34753,0
34754,1
34755,0
34756,0
34757,1
34758,0
34759,0
34760,1
34761,1
34762,0
34763,1
34764,0
34765,1
34766,0
34767,1
34768,0
34769,1
34770,0
34771,0
34772,0
34773,0
34774,0
34775,0
34776,0
34777,1
34778,0
34779,0
34780,0
34781,0
34782,1
34783,1
34784,1
34785,0
34786,0
34787,0
34788,0
34789,1
34790,0
34791,1
34792,0
34793,1
34794,0
34795,0
34796,0
34797,1
34798,0
34799,0
34800,0
34801,0
34802,0
34803,0
34804,1
34805,0
34806,0
34807,0
34808,1
34809,0
34810,1
34811,0
34812,1
34813,1
34814,1
34815,0
34816,0
34817,1
34818,1
34819,1
34820,1
34821,0
34822,1
34823,1
34824,1
34825,1
34826,0
34827,1
34828,0
34829,0
34830,0
34831,1
34832,0
34833,1
34834,1
34835,0
34836,0
34837,0
34838,1
34839,1
34840,1
34841,1
34842,1
34843,1
34844,0
34845,1
34846,0
34847,0
34848,0
34849,1
34850,1
34851,0
34852,1
34853,0
34854,1
34855,0
34856,0
34857,0
34858,1
34859,1
34860,0
34861,1
34862,0
34863,1
34864,0
34865,1
34866,0
34867,0
34868,1
34869,1
34870,1
34871,1
34872,0
34873,0
34874,0
34875,0
34876,0
34877,0
34878,0
34879,1
34880,0
34881,1
34882,1
34883,1
34884,1
34885,0
34886,1
34887,1
34888,0
34889,0
34890,1
34891,1
34892,1
34893,0
34894,0
34895,0
34896,1
34897,1
34898,0
34899,1
34900,0
34901,1
34902,0
34903,1
34904,1
34905,0
34906,1
34907,0
34908,0
34909,1
34910,1
34911,1
34912,1
34913,0
34914,0
34915,0
34916,0
34917,0
34918,0
34919,0
34920,1
34921,0
34922,0
34923,0
34924,0
34925,1
34926,0
34927,0
34928,0
34929,0
34930,1
34931,0
34932,0
34933,1
34934,0
34935,0
34936,1
34937,1
34938,1
34939,1
34940,0
34941,0
34942,0
34943,0
34944,1
34945,0
34946,1
34947,0
34948,0
34949,0
34950,0
34951,0
34952,0
34953,1
34954,0
34955,1
34956,0
34957,0
34958,0
34959,1
34960,1
34961,0
34962,1
34963,0
34964,0
34965,1
34966,0
34967,0
34968,1
34969,0
34970,1
34971,0
34972,0
34973,0
34974,0
34975,0
34976,0
34977,0
34978,0
34979,1
34980,0
34981,1
34982,1
34983,0
34984,0
34985,0
34986,0
34987,1
34988,0
34989,0
34990,1
34991,1
34992,0
34993,1
34994,0
34995,0
34996,0
34997,1
34998,0
34999,0
35000,1
35001,1
35002,1
35003,1
35004,1
35005,1
35006,0
35007,0
35008,1
35009,0
35010,1
35011,1
35012,0
35013,1
35014,1
35015,0
35016,0
35017,0
35018,1
35019,1
35020,0
35021,0
35022,0
35023,0
35024,0
35025,1
35026,0
35027,0
35028,0
35029,0
35030,1
35031,0
35032,1
35033,1
35034,0
35035,1
35036,1
35037,0
35038,0
35039,0
35040,0
35041,0
35042,1
35043,0
35044,0
35045,0
35046,0
35047,0
35048,1
35049,0
35050,1
35051,0
35052,1
35053,0
35054,0
35055,1
35056,1
35057,0
35058,1
35059,1
35060,0
35061,1
35062,1
35063,0
35064,1
35065,1
35066,0
35067,1
35068,1
35069,0
35070,0
35071,0
35072,0
35073,0
35074,1
35075,1
35076,1
35077,0
35078,0
35079,1
35080,1
35081,1
35082,0
35083,1
35084,0
35085,1
35086,1
35087,0
35088,0
35089,0
35090,1
35091,1
35092,0
35093,0
35094,0
35095,1
35096,1
35097,1
35098,0
35099,1
35100,1
35101,1
35102,1
35103,0
35104,0
35105,0
35106,0
35107,0
35108,0
35109,0
35110,0
35111,1
35112,1
35113,1
35114,0
35115,0
35116,1
35117,0
35118,0
35119,0
35120,1
35121,0
35122,0
35123,1
35124,1
35125,0
35126,0
35127,0
35128,1
35129,1
35130,0
35131,1
35132,1
35133,0
35134,1
35135,0
35136,0
35137,0
35138,0
35139,1
35140,1
35141,0
35142,0
35143,0
35144,0
35145,1
35146,1
35147,0
35148,1
35149,0
35150,1
35151,0
35152,0
35153,1
35154,1
35155,0
35156,0
35157,0
35158,0
35159,0
35160,0
35161,0
35162,1
35163,0
35164,0
35165,1
35166,0
35167,0
35168,0
35169,0
35170,1
35171,0
35172,0
35173,0
35174,0
35175,0
35176,0
35177,0
35178,1
35179,1
35180,0
35181,0
35182,0
35183,1
35184,0
35185,0
35186,1
35187,0
35188,1
35189,1
35190,1
35191,0
35192,1
35193,1
35194,0
